Experiment,Epoch,TotalEpochs,G_Loss,D_Loss,ModeVar,FID,dataset
,1,150,43.5752,-15.3683,0.0373,,euro_hybrid
,2,150,28.7482,-8.7553,0.0392,,
,3,150,27.8542,-8.5988,0.0494,,
,4,150,32.1655,-10.2328,0.0387,,
,5,150,39.5128,-7.2483,0.0579,,
,6,150,41.8499,-8.1765,0.0377,,
,7,150,44.393,-7.0985,0.036,,
,8,150,48.3962,-10.1471,0.0391,,
,9,150,53.3138,-10.4018,0.059,,
,10,150,47.975,-4.7752,0.0363,137.7706,
,11,150,50.2538,-8.3155,0.0513,,
,12,150,41.0621,-1.8467,0.0322,,
,13,150,52.5661,-3.6389,0.037,,
,14,150,56.3262,-15.3257,0.0464,,
,15,150,61.1501,-11.2279,0.0374,,
,16,150,55.6925,15.7514,0.0489,,
,17,150,62.8247,-8.7867,0.0552,,
,18,150,65.7234,-2.8852,0.0405,,
,19,150,60.8026,-7.1893,0.0522,,
,20,150,65.2674,-7.5708,0.0366,143.7274,
,21,150,65.7915,-6.9849,0.0496,,
,22,150,67.3405,-12.0226,0.0528,,
,23,150,65.027,-8.0421,0.0359,,
,24,150,67.3978,1.8532,0.0447,,
,25,150,66.3615,-8.6733,0.051,,
,26,150,68.2547,0.2917,0.0471,,
,27,150,71.2875,12.4017,0.0377,,
,28,150,80.7,-4.2784,0.0477,,
,29,150,76.4653,-13.2453,0.0372,,
,30,150,76.6459,-16.4309,0.0512,119.9179,
,31,150,74.8178,9.2079,0.0299,,
,32,150,73.3605,-12.1365,0.0474,,
,33,150,74.5484,-0.0812,0.0485,,
,34,150,80.5262,-10.7177,0.0424,,
,35,150,80.5994,-17.5916,0.0429,,
,36,150,83.051,-8.8842,0.0616,,
,37,150,83.974,-7.4226,0.0545,,
,38,150,89.3639,3.369,0.0407,,
,39,150,89.4246,3.5036,0.0418,,
,40,150,86.9678,-3.0946,0.045,109.5522,
,41,150,90.0562,-2.5541,0.0442,,
,42,150,88.6859,6.6442,0.0657,,
,43,150,87.1378,6.5674,0.0605,,
,44,150,89.975,-4.6883,0.0407,,
,45,150,87.2131,33.7854,0.052,,
,46,150,88.3824,18.8418,0.0358,,
,47,150,85.5036,-4.8659,0.0516,,
,48,150,88.1518,-6.7786,0.0495,,
,49,150,85.7349,0.0345,0.0438,,
,50,150,79.1831,1.5561,0.0396,97.4654,
,51,150,78.4742,-8.2337,0.0449,,
,52,150,80.0874,-7.2101,0.0563,,
,53,150,74.4,1.7137,0.0572,,
,54,150,73.0919,-10.1673,0.0493,,
,55,150,75.2372,-0.4696,0.0439,,
,56,150,75.1975,9.3928,0.0516,,
,57,150,78.983,5.6961,0.0483,,
,58,150,82.9208,-1.7011,0.0463,,
,59,150,85.8185,-4.9731,0.0597,,
,60,150,83.0139,7.5479,0.0456,107.4559,
,61,150,84.7216,-2.9848,0.0492,,
,62,150,82.1936,7.1728,0.0448,,
,63,150,84.2145,-2.1823,0.0544,,
,64,150,91.074,6.5046,0.0485,,
,65,150,93.3987,1.7188,0.0495,,
,66,150,97.3766,-5.177,0.0506,,
,67,150,98.7528,-4.988,0.0421,,
,68,150,98.465,-2.2747,0.0537,,
,69,150,97.8512,-7.287,0.0512,,
,70,150,103.8619,-5.4629,0.0466,101.9919,
,71,150,108.8928,31.308,0.0456,,
,72,150,109.6483,114.9852,0.0394,,
,73,150,106.289,-4.8417,0.0478,,
,74,150,106.0683,43.545,0.0511,,
,75,150,108.9362,-4.0516,0.0495,,
,76,150,107.9115,7.1292,0.039,,
,77,150,109.4848,8.6295,0.0518,,
,78,150,108.6372,1.7302,0.0599,,
,79,150,109.9043,33.6703,0.0497,,
,80,150,110.508,-0.1581,0.0653,101.0597,
,81,150,114.1875,9.1622,0.0509,,
,82,150,116.3787,1.3119,0.0543,,
,83,150,118.2057,3.3615,0.0427,,
,84,150,117.8007,136.3519,0.0375,,
,85,150,117.0654,1.0155,0.0521,,
,86,150,121.5103,33.508,0.0462,,
,87,150,121.5862,44.5202,0.0438,,
,88,150,123.0245,-1.2221,0.0485,,
,89,150,125.0777,8.1162,0.062,,
,90,150,129.0325,-1.1465,0.0528,96.1053,
,91,150,128.2201,35.6348,0.0503,,
,92,150,128.078,63.9828,0.0529,,
,93,150,128.3864,38.4279,0.0513,,
,94,150,125.6573,24.9651,0.0545,,
,95,150,126.0426,0.0187,0.0735,,
,96,150,129.3974,-8.1951,0.0464,,
,97,150,128.3181,1.4937,0.058,,
,98,150,133.9333,25.0695,0.0745,,
,99,150,133.7601,6.1491,0.0462,,
,100,150,132.0245,-3.7737,0.0549,92.0631,
,101,150,128.6025,14.5325,0.0624,,
,102,150,132.7011,2.0848,0.052,,
,103,150,130.4962,4.2581,0.0618,,
,104,150,130.6826,-8.0952,0.0446,,
,105,150,129.8097,-1.4153,0.0553,,
,106,150,130.1165,-3.0143,0.0462,,
,107,150,127.0284,6.4083,0.0313,,
,108,150,125.8455,5.6705,0.0571,,
,109,150,124.6089,26.5993,0.0611,,
,110,150,127.5512,5.952,0.0471,102.4075,
,111,150,127.8439,-3.5564,0.0408,,
,112,150,128.1008,13.3256,0.0432,,
,113,150,126.9416,-1.1743,0.039,,
,114,150,127.9849,-4.3569,0.044,,
,115,150,127.4327,2.702,0.0361,,
,116,150,126.07,-1.5069,0.0468,,
,117,150,127.9744,0.8278,0.0701,,
,118,150,132.7765,-3.193,0.0662,,
,119,150,133.7685,3.6186,0.0577,,
,120,150,131.7026,12.247,0.0581,99.6059,
,121,150,134.1126,-1.804,0.0384,,
,122,150,131.5891,17.8059,0.0558,,
,123,150,129.4799,9.0648,0.044,,
,124,150,129.7694,34.8379,0.0592,,
,125,150,127.8151,9.0604,0.0463,,
,126,150,124.1707,26.9904,0.0495,,
,127,150,121.9272,-5.8786,0.0352,,
,128,150,121.3111,7.293,0.0477,,
,129,150,120.8194,19.4314,0.0482,,
,130,150,118.6756,-7.6446,0.0362,95.7271,
,131,150,114.5588,-3.4131,0.0557,,
,132,150,117.7081,-1.7393,0.0325,,
,133,150,118.3037,-4.9552,0.0446,,
,134,150,118.0342,-4.4239,0.0484,,
,135,150,119.0589,88.8125,0.0513,,
,136,150,123.3095,28.9492,0.0444,,
,137,150,127.1684,-2.4956,0.0632,,
,138,150,132.6513,1.067,0.0437,,
,139,150,136.3493,8.6159,0.0473,,
,140,150,139.7495,0.8182,0.0483,90.7864,
,141,150,141.7665,13.6983,0.044,,
,142,150,141.4412,-5.3062,0.0527,,
,143,150,144.7063,3.1921,0.0582,,
,144,150,146.5902,0.6331,0.0385,,
,145,150,141.8032,-1.8268,0.0579,,
,146,150,142.6491,5.3708,0.0531,,
,147,150,140.0928,-0.4469,0.0676,,
,148,150,140.3199,-2.5596,0.0406,,
,149,150,137.2883,4.906,0.0447,,
,150,150,140.6401,-4.349,0.0587,92.2078,
