Experiment,Epoch,TotalEpochs,G_Loss,D_Loss,ModeVar,FID
STANDARD,1,150,14.1684,0.3058,0.1054,
STANDARD,2,150,4.6046,0.287,0.1041,
STANDARD,3,150,3.5411,0.3585,0.1644,
STANDARD,4,150,3.4229,0.4118,0.0779,
STANDARD,5,150,3.3405,0.3887,0.0696,
STANDARD,6,150,3.6822,0.3057,0.0775,
STANDARD,7,150,3.9012,0.2724,0.1013,
STANDARD,8,150,4.0692,0.2811,0.0828,
STANDARD,9,150,3.9741,0.249,0.0866,
STANDARD,10,150,3.9324,0.2501,0.076,112.0867
STANDARD,11,150,3.8684,0.2747,0.0635,
STANDARD,12,150,3.8203,0.2692,0.0858,
STANDARD,13,150,3.6872,0.2158,0.0754,
STANDARD,14,150,3.5778,0.2627,0.0922,
STANDARD,15,150,3.7587,0.2417,0.0983,
STANDARD,16,150,3.5936,0.2345,0.0985,
STANDARD,17,150,3.8446,0.2433,0.0921,
STANDARD,18,150,3.8835,0.226,0.0959,
STANDARD,19,150,3.8822,0.1704,0.0955,
STANDARD,20,150,3.8453,0.2263,0.0949,72.7038
STANDARD,21,150,3.9757,0.2095,0.0842,
STANDARD,22,150,4.1602,0.1586,0.0821,
STANDARD,23,150,4.3628,0.1899,0.1029,
STANDARD,24,150,4.2399,0.1674,0.104,
STANDARD,25,150,4.2472,0.1472,0.1002,
STANDARD,26,150,4.2764,0.1808,0.0789,
STANDARD,27,150,4.3747,0.145,0.0834,
STANDARD,28,150,4.6242,0.1359,0.096,
STANDARD,29,150,4.5446,0.1545,0.0776,
STANDARD,30,150,4.6671,0.1382,0.0781,56.817
STANDARD,31,150,4.5864,0.1677,0.0776,
STANDARD,32,150,4.4206,0.1707,0.1071,
STANDARD,33,150,4.742,0.1307,0.0599,
STANDARD,34,150,4.7269,0.1039,0.1067,
STANDARD,35,150,4.4229,0.2038,0.0658,
STANDARD,36,150,4.4818,0.162,0.0746,
STANDARD,37,150,4.5574,0.1139,0.1095,
STANDARD,38,150,4.4356,0.1535,0.0968,
STANDARD,39,150,4.61,0.1532,0.1034,
STANDARD,40,150,4.7139,0.1488,0.0717,45.8346
STANDARD,41,150,4.6164,0.1708,0.1225,
STANDARD,42,150,4.6038,0.1608,0.0929,
STANDARD,43,150,4.5959,0.1033,0.0958,
STANDARD,44,150,4.8274,0.1615,0.0549,
STANDARD,45,150,4.7756,0.0939,0.0806,
STANDARD,46,150,4.9228,0.1406,0.0843,
STANDARD,47,150,4.8685,0.1279,0.0831,
STANDARD,48,150,5.0007,0.1713,0.0644,
STANDARD,49,150,4.9947,0.1134,0.1001,
STANDARD,50,150,5.069,0.1299,0.0712,44.7709
STANDARD,51,150,5.0344,0.1804,0.0884,
STANDARD,52,150,4.9401,0.0926,0.0662,
STANDARD,53,150,5.2374,0.1572,0.0869,
STANDARD,54,150,5.2426,0.0985,0.1062,
STANDARD,55,150,5.2361,0.1425,0.0847,
STANDARD,56,150,5.4076,0.1226,0.0642,
STANDARD,57,150,5.3692,0.1048,0.0594,
STANDARD,58,150,5.4647,0.1219,0.069,
STANDARD,59,150,5.4124,0.1178,0.0733,
STANDARD,60,150,5.4901,0.1071,0.0562,43.9078
STANDARD,61,150,5.5036,0.1285,0.0668,
STANDARD,62,150,5.4731,0.1283,0.044,
STANDARD,63,150,5.5192,0.0735,0.0705,
STANDARD,64,150,5.5385,0.1505,0.0702,
STANDARD,65,150,5.4872,0.0991,0.0449,
STANDARD,66,150,5.4809,0.1295,0.0593,
STANDARD,67,150,5.3597,0.1413,0.0778,
STANDARD,68,150,5.6533,0.1402,0.0775,
STANDARD,69,150,5.3761,0.0884,0.0961,
STANDARD,70,150,5.6327,0.1201,0.0693,43.3893
STANDARD,71,150,5.6509,0.0878,0.0902,
STANDARD,72,150,5.8391,0.1112,0.0817,
STANDARD,73,150,5.7893,0.1263,0.0778,
STANDARD,74,150,5.7316,0.0923,0.069,
STANDARD,75,150,5.796,0.0709,0.0606,
STANDARD,76,150,5.8565,0.1151,0.0489,
STANDARD,77,150,5.9883,0.1075,0.0748,
STANDARD,78,150,5.794,0.1163,0.0386,
STANDARD,79,150,5.9064,0.0739,0.0658,
STANDARD,80,150,5.5414,0.125,0.0577,43.9493
STANDARD,81,150,5.8985,0.0938,0.0786,
STANDARD,82,150,5.5456,0.1592,0.0633,
STANDARD,83,150,5.7295,0.075,0.0448,
STANDARD,84,150,5.792,0.1042,0.0526,
STANDARD,85,150,5.9073,0.1314,0.0569,
STANDARD,86,150,5.8662,0.0784,0.0496,
STANDARD,87,150,6.0555,0.0894,0.0755,
STANDARD,88,150,6.0962,0.1127,0.0527,
STANDARD,89,150,5.8653,0.0619,0.0381,
STANDARD,90,150,5.9744,0.0785,0.0544,45.1623
STANDARD,91,150,6.0423,0.1033,0.0565,
STANDARD,92,150,6.036,0.0972,0.0403,
STANDARD,93,150,6.0092,0.0921,0.0613,
STANDARD,94,150,5.9462,0.0883,0.0523,
STANDARD,95,150,6.0466,0.1021,0.0536,
STANDARD,96,150,6.1307,0.0764,0.0531,
STANDARD,97,150,6.2329,0.067,0.046,
STANDARD,98,150,5.752,0.1855,0.0571,
STANDARD,99,150,6.0483,0.0486,0.0576,
STANDARD,100,150,6.2185,0.0875,0.0533,40.9248
STANDARD,101,150,6.1329,0.0827,0.0576,
STANDARD,102,150,6.3128,0.0961,0.039,
STANDARD,103,150,6.1861,0.0651,0.0619,
STANDARD,104,150,6.1882,0.0814,0.0369,
STANDARD,105,150,6.3279,0.0659,0.047,
STANDARD,106,150,5.8782,0.2004,0.0579,
STANDARD,107,150,5.9908,0.0522,0.0756,
STANDARD,108,150,6.1724,0.0612,0.0379,
STANDARD,109,150,6.2207,0.0861,0.0545,
STANDARD,110,150,6.1934,0.0815,0.0416,49.8748
STANDARD,111,150,6.463,0.0907,0.0544,
STANDARD,112,150,6.1984,0.0443,0.0457,
STANDARD,113,150,6.3454,0.1302,0.0481,
STANDARD,114,150,6.1621,0.0876,0.0523,
STANDARD,115,150,5.9416,0.0844,0.0565,
STANDARD,116,150,6.1563,0.0747,0.0461,
STANDARD,117,150,6.302,0.0563,0.0409,
STANDARD,118,150,6.4823,0.063,0.0319,
STANDARD,119,150,6.6825,0.1058,0.0502,
STANDARD,120,150,6.2464,0.0732,0.0595,42.5402
STANDARD,121,150,6.5047,0.1185,0.0543,
STANDARD,122,150,6.243,0.0443,0.0407,
STANDARD,123,150,6.504,0.0613,0.0473,
STANDARD,124,150,6.3951,0.0501,0.0413,
STANDARD,125,150,6.8588,0.0934,0.0578,
STANDARD,126,150,6.5297,0.0716,0.0519,
STANDARD,127,150,6.338,0.0695,0.0486,
STANDARD,128,150,6.4285,0.0887,0.0484,
STANDARD,129,150,6.3232,0.0848,0.044,
STANDARD,130,150,6.6801,0.0279,0.0445,44.6921
STANDARD,131,150,6.5509,0.107,0.0384,
STANDARD,132,150,6.4235,0.0882,0.0469,
STANDARD,133,150,6.7176,0.0639,0.0427,
STANDARD,134,150,6.6452,0.0424,0.0419,
STANDARD,135,150,6.2575,0.1166,0.0503,
STANDARD,136,150,6.6089,0.0386,0.0482,
STANDARD,137,150,6.5808,0.0809,0.0456,
STANDARD,138,150,6.5246,0.0787,0.0474,
STANDARD,139,150,6.4263,0.0848,0.053,
STANDARD,140,150,6.1879,0.1007,0.052,41.1268
STANDARD,141,150,6.1441,0.069,0.0422,
STANDARD,142,150,6.4142,0.0465,0.0341,
STANDARD,143,150,6.7494,0.0505,0.0509,
STANDARD,144,150,6.5545,0.1095,0.0544,
STANDARD,145,150,6.6525,0.0505,0.0521,
STANDARD,146,150,6.6435,0.0911,0.0575,
STANDARD,147,150,6.6727,0.038,0.05,
STANDARD,148,150,6.6024,0.0489,0.05,
STANDARD,149,150,6.6715,0.1133,0.0538,
STANDARD,150,150,6.6873,0.0593,0.0571,40.898
LSGAN,1,150,4.6326,1.4271,0.0214,
LSGAN,2,150,0.3885,0.1438,0.0494,
LSGAN,3,150,0.4133,0.1548,0.0688,
LSGAN,4,150,0.5115,0.0982,0.0935,
LSGAN,5,150,0.4448,0.1337,0.0818,
LSGAN,6,150,0.4245,0.156,0.0541,
LSGAN,7,150,0.4031,0.1851,0.0738,
LSGAN,8,150,0.4588,0.1623,0.0886,
LSGAN,9,150,0.4335,0.1725,0.0989,
LSGAN,10,150,0.3974,0.1985,0.0978,168.1501
LSGAN,11,150,0.3926,0.2041,0.1223,
LSGAN,12,150,0.4211,0.1889,0.085,
LSGAN,13,150,0.4113,0.1876,0.0927,
LSGAN,14,150,0.3926,0.2032,0.095,
LSGAN,15,150,0.4079,0.1954,0.0695,
LSGAN,16,150,0.4279,0.1888,0.1103,
LSGAN,17,150,0.4256,0.1784,0.1052,
LSGAN,18,150,0.437,0.1764,0.0948,
LSGAN,19,150,0.4332,0.1852,0.0958,
LSGAN,20,150,0.4453,0.1791,0.0722,130.1498
LSGAN,21,150,0.4481,0.1633,0.0716,
LSGAN,22,150,0.4614,0.1476,0.1172,
LSGAN,23,150,0.4499,0.1456,0.0856,
LSGAN,24,150,0.469,0.1461,0.0778,
LSGAN,25,150,0.465,0.1402,0.0823,
LSGAN,26,150,0.4645,0.1404,0.0844,
LSGAN,27,150,0.4555,0.152,0.0997,
LSGAN,28,150,0.4612,0.1524,0.1055,
LSGAN,29,150,0.4142,0.1478,0.0843,
LSGAN,30,150,0.451,0.1352,0.0893,88.8469
LSGAN,31,150,0.4466,0.1303,0.1011,
LSGAN,32,150,0.4462,0.134,0.1026,
LSGAN,33,150,0.4522,0.1367,0.0926,
LSGAN,34,150,0.4461,0.1284,0.0847,
LSGAN,35,150,0.4566,0.1188,0.0886,
LSGAN,36,150,0.4511,0.1191,0.0869,
LSGAN,37,150,0.4378,0.129,0.104,
LSGAN,38,150,0.4615,0.1047,0.0748,
LSGAN,39,150,0.4535,0.1069,0.0531,
LSGAN,40,150,0.4558,0.1099,0.0947,72.3228
LSGAN,41,150,0.4634,0.1,0.0842,
LSGAN,42,150,0.4636,0.1054,0.0672,
LSGAN,43,150,0.4567,0.105,0.1234,
LSGAN,44,150,0.3696,0.2072,0.0525,
LSGAN,45,150,0.3888,0.1236,0.0798,
LSGAN,46,150,0.4343,0.1064,0.0678,
LSGAN,47,150,0.442,0.1083,0.0851,
LSGAN,48,150,0.4,0.1504,0.1024,
LSGAN,49,150,0.4429,0.0937,0.0955,
LSGAN,50,150,0.4504,0.1195,0.0784,65.3318
LSGAN,51,150,0.4419,0.0859,0.0452,
LSGAN,52,150,0.4508,0.0969,0.1002,
LSGAN,53,150,0.4521,0.1043,0.0913,
LSGAN,54,150,0.4519,0.0928,0.1245,
LSGAN,55,150,0.4468,0.0936,0.0735,
LSGAN,56,150,0.4373,0.1068,0.1004,
LSGAN,57,150,0.4519,0.0892,0.0727,
LSGAN,58,150,0.4511,0.0888,0.1072,
LSGAN,59,150,0.4621,0.0868,0.0801,
LSGAN,60,150,0.4583,0.083,0.0637,45.85
LSGAN,61,150,0.451,0.0855,0.0924,
LSGAN,62,150,0.3093,0.2268,0.0815,
LSGAN,63,150,0.4273,0.0932,0.107,
LSGAN,64,150,0.4555,0.0931,0.0853,
LSGAN,65,150,0.4391,0.0845,0.093,
LSGAN,66,150,0.4485,0.0816,0.0766,
LSGAN,67,150,0.4462,0.0909,0.1107,
LSGAN,68,150,0.4534,0.0868,0.0879,
LSGAN,69,150,0.456,0.0796,0.0679,
LSGAN,70,150,0.463,0.0792,0.0794,48.0648
LSGAN,71,150,0.4548,0.0846,0.0694,
LSGAN,72,150,0.4626,0.0803,0.0682,
LSGAN,73,150,0.4608,0.0776,0.0922,
LSGAN,74,150,0.4612,0.0847,0.0589,
LSGAN,75,150,0.4561,0.0775,0.0768,
LSGAN,76,150,0.4532,0.0828,0.0792,
LSGAN,77,150,0.4679,0.0716,0.0609,
LSGAN,78,150,0.4618,0.0768,0.0707,
LSGAN,79,150,0.468,0.0756,0.1039,
LSGAN,80,150,0.4612,0.0767,0.0751,43.1686
LSGAN,81,150,0.4522,0.0768,0.0663,
LSGAN,82,150,0.4673,0.0717,0.0746,
LSGAN,83,150,0.4608,0.0737,0.04,
LSGAN,84,150,0.4196,0.1269,0.0702,
LSGAN,85,150,0.4567,0.0714,0.0818,
LSGAN,86,150,0.4602,0.0691,0.0744,
LSGAN,87,150,0.4515,0.0902,0.0529,
LSGAN,88,150,0.4665,0.0689,0.0761,
LSGAN,89,150,0.4659,0.0701,0.0863,
LSGAN,90,150,0.472,0.0682,0.0688,49.4085
LSGAN,91,150,0.465,0.0712,0.0561,
LSGAN,92,150,0.4573,0.0877,0.0667,
LSGAN,93,150,0.4698,0.0632,0.0851,
LSGAN,94,150,0.4668,0.0622,0.0724,
LSGAN,95,150,0.461,0.0668,0.0531,
LSGAN,96,150,0.4695,0.0678,0.0668,
LSGAN,97,150,0.3663,0.162,0.0749,
LSGAN,98,150,0.4583,0.0659,0.0539,
LSGAN,99,150,0.4652,0.0658,0.0715,
LSGAN,100,150,0.4691,0.0687,0.0496,45.1584
LSGAN,101,150,0.4727,0.0648,0.0542,
LSGAN,102,150,0.4744,0.0657,0.0708,
LSGAN,103,150,0.4657,0.0632,0.0626,
LSGAN,104,150,0.4636,0.0642,0.079,
LSGAN,105,150,0.468,0.0613,0.0571,
LSGAN,106,150,0.4741,0.0618,0.0706,
LSGAN,107,150,0.47,0.0631,0.0493,
LSGAN,108,150,0.4423,0.1037,0.1039,
LSGAN,109,150,0.4298,0.0793,0.0602,
LSGAN,110,150,0.4629,0.0556,0.0647,40.3515
LSGAN,111,150,0.4727,0.061,0.0676,
LSGAN,112,150,0.4613,0.063,0.0646,
LSGAN,113,150,0.4696,0.056,0.0745,
LSGAN,114,150,0.4637,0.0592,0.0547,
LSGAN,115,150,0.4764,0.0625,0.062,
LSGAN,116,150,0.476,0.0594,0.0694,
LSGAN,117,150,0.4706,0.0607,0.0625,
LSGAN,118,150,0.4683,0.0516,0.0695,
LSGAN,119,150,0.4727,0.0577,0.0675,
LSGAN,120,150,0.4651,0.061,0.0587,42.469
LSGAN,121,150,0.4763,0.0548,0.0675,
LSGAN,122,150,0.4678,0.0555,0.0556,
LSGAN,123,150,0.4689,0.0533,0.0587,
LSGAN,124,150,0.4679,0.0584,0.0651,
LSGAN,125,150,0.4735,0.0536,0.0595,
LSGAN,126,150,0.4647,0.0515,0.0563,
LSGAN,127,150,0.4778,0.0518,0.0594,
LSGAN,128,150,0.4805,0.0542,0.0691,
LSGAN,129,150,0.4767,0.0502,0.0762,
LSGAN,130,150,0.4446,0.0799,0.0572,40.2957
LSGAN,131,150,0.4748,0.0515,0.0743,
LSGAN,132,150,0.4782,0.0557,0.0631,
LSGAN,133,150,0.4706,0.0467,0.0744,
LSGAN,134,150,0.4777,0.0552,0.0643,
LSGAN,135,150,0.4523,0.0932,0.0813,
LSGAN,136,150,0.4622,0.0436,0.0762,
LSGAN,137,150,0.4741,0.0473,0.0675,
LSGAN,138,150,0.4469,0.0829,0.0646,
LSGAN,139,150,0.4329,0.0733,0.044,
LSGAN,140,150,0.473,0.0442,0.0522,39.7487
LSGAN,141,150,0.4743,0.0471,0.0614,
LSGAN,142,150,0.487,0.0467,0.0592,
LSGAN,143,150,0.4803,0.049,0.0497,
LSGAN,144,150,0.4834,0.0455,0.0444,
LSGAN,145,150,0.4773,0.048,0.0654,
LSGAN,146,150,0.4546,0.0837,0.0616,
LSGAN,147,150,0.4688,0.0406,0.0648,
LSGAN,148,150,0.4791,0.0456,0.058,
LSGAN,149,150,0.4907,0.0441,0.0624,
LSGAN,150,150,0.4821,0.0471,0.0733,39.9079
WGAN,1,150,0.7177,-1.3935,0.0895,
WGAN,2,150,0.6108,-1.1676,0.1069,
WGAN,3,150,0.5106,-0.9973,0.0932,
WGAN,4,150,0.2871,-0.7359,0.0858,
WGAN,5,150,0.2616,-0.6966,0.0891,
WGAN,6,150,0.2385,-0.6553,0.0903,
WGAN,7,150,0.2422,-0.607,0.0919,
WGAN,8,150,0.2989,-0.5798,0.1002,
WGAN,9,150,0.2906,-0.5747,0.0883,
WGAN,10,150,0.2385,-0.5356,0.0922,126.9515
WGAN,11,150,0.2533,-0.5316,0.0921,
WGAN,12,150,0.2788,-0.5724,0.1138,
WGAN,13,150,0.2214,-0.5426,0.1111,
WGAN,14,150,0.2698,-0.5712,0.1211,
WGAN,15,150,0.2281,-0.5265,0.1077,
WGAN,16,150,0.2974,-0.491,0.09,
WGAN,17,150,0.2396,-0.4591,0.083,
WGAN,18,150,0.2542,-0.4153,0.0877,
WGAN,19,150,0.1993,-0.3952,0.0942,
WGAN,20,150,0.2247,-0.3774,0.0944,117.9471
WGAN,21,150,0.2176,-0.3741,0.0923,
WGAN,22,150,0.1553,-0.3802,0.0903,
WGAN,23,150,0.1475,-0.3951,0.0951,
WGAN,24,150,0.2923,-0.6284,0.1062,
WGAN,25,150,0.2029,-0.5404,0.1051,
WGAN,26,150,0.1693,-0.4481,0.0963,
WGAN,27,150,0.1676,-0.4188,0.1058,
WGAN,28,150,0.1317,-0.4226,0.115,
WGAN,29,150,0.1661,-0.427,0.0998,
WGAN,30,150,0.1487,-0.3986,0.0907,108.0879
WGAN,31,150,0.1645,-0.3882,0.0995,
WGAN,32,150,0.1781,-0.3898,0.0886,
WGAN,33,150,0.1802,-0.3961,0.1037,
WGAN,34,150,0.1914,-0.4073,0.1049,
WGAN,35,150,0.1931,-0.432,0.0958,
WGAN,36,150,0.1768,-0.4444,0.0966,
WGAN,37,150,0.1632,-0.4135,0.1041,
WGAN,38,150,0.206,-0.4224,0.0952,
WGAN,39,150,0.1948,-0.4526,0.1096,
WGAN,40,150,0.174,-0.4615,0.0916,85.5287
WGAN,41,150,0.18,-0.4005,0.0905,
WGAN,42,150,0.1946,-0.394,0.0865,
WGAN,43,150,0.148,-0.3829,0.0973,
WGAN,44,150,0.1739,-0.3782,0.091,
WGAN,45,150,0.1688,-0.3599,0.0916,
WGAN,46,150,0.1586,-0.3801,0.1011,
WGAN,47,150,0.2051,-0.3614,0.0849,
WGAN,48,150,0.1555,-0.3375,0.0991,
WGAN,49,150,0.1698,-0.3421,0.1018,
WGAN,50,150,0.1596,-0.3433,0.0884,82.8052
WGAN,51,150,0.1657,-0.3018,0.0821,
WGAN,52,150,0.1058,-0.2137,0.1025,
WGAN,53,150,0.048,-0.1327,0.1167,
WGAN,54,150,0.0351,-0.1129,0.1286,
WGAN,55,150,0.0577,-0.1184,0.1283,
WGAN,56,150,0.0229,-0.1217,0.1399,
WGAN,57,150,0.0556,-0.1077,0.1122,
WGAN,58,150,0.0879,-0.1118,0.1731,
WGAN,59,150,0.013,-0.117,0.1346,
WGAN,60,150,0.0179,-0.1218,0.1411,109.9029
WGAN,61,150,0.0429,-0.1221,0.1372,
WGAN,62,150,0.0647,-0.1166,0.1479,
WGAN,63,150,0.0584,-0.1054,0.1199,
WGAN,64,150,0.0357,-0.1062,0.1252,
WGAN,65,150,0.0733,-0.1234,0.1283,
WGAN,66,150,-0.0076,-0.1163,0.1285,
WGAN,67,150,0.0176,-0.1051,0.1394,
WGAN,68,150,0.0151,-0.1059,0.1277,
WGAN,69,150,0.0307,-0.1112,0.1307,
WGAN,70,150,0.0467,-0.1139,0.1444,114.9051
WGAN,71,150,0.1065,-0.1082,0.1196,
WGAN,72,150,0.0701,-0.1148,0.1169,
WGAN,73,150,0.0826,-0.108,0.1241,
WGAN,74,150,0.0993,-0.1207,0.148,
WGAN,75,150,0.1636,-0.3363,0.0842,
WGAN,76,150,0.1991,-0.4019,0.0874,
WGAN,77,150,0.1584,-0.3288,0.1036,
WGAN,78,150,0.0683,-0.1429,0.0984,
WGAN,79,150,0.0486,-0.108,0.1089,
WGAN,80,150,0.0386,-0.1026,0.1373,107.8583
WGAN,81,150,0.0265,-0.1101,0.1291,
WGAN,82,150,0.0154,-0.113,0.1241,
WGAN,83,150,0.0509,-0.1114,0.1244,
WGAN,84,150,0.0492,-0.1068,0.1165,
WGAN,85,150,0.0399,-0.1087,0.1335,
WGAN,86,150,0.067,-0.0972,0.1105,
WGAN,87,150,0.0192,-0.1045,0.1278,
WGAN,88,150,0.0589,-0.1044,0.1096,
WGAN,89,150,0.0415,-0.1021,0.1371,
WGAN,90,150,0.0176,-0.1131,0.1256,111.3332
WGAN,91,150,0.0137,-0.1026,0.1231,
WGAN,92,150,0.0703,-0.0954,0.1117,
WGAN,93,150,0.0493,-0.1123,0.1164,
WGAN,94,150,0.0201,-0.1186,0.1287,
WGAN,95,150,0.0874,-0.1105,0.1443,
WGAN,96,150,0.0621,-0.1014,0.1273,
WGAN,97,150,0.0605,-0.1096,0.1138,
WGAN,98,150,0.0631,-0.1045,0.1248,
WGAN,99,150,0.0202,-0.1123,0.1199,
WGAN,100,150,0.0444,-0.1076,0.1168,117.1548
WGAN,101,150,0.062,-0.0991,0.1518,
WGAN,102,150,0.0342,-0.1072,0.1429,
WGAN,103,150,0.0647,-0.102,0.1142,
WGAN,104,150,0.063,-0.112,0.1252,
WGAN,105,150,0.0881,-0.2874,0.0913,
WGAN,106,150,0.1794,-0.3437,0.0936,
WGAN,107,150,0.1578,-0.3327,0.0851,
WGAN,108,150,0.2304,-0.3816,0.0937,
WGAN,109,150,0.2429,-0.3839,0.1009,
WGAN,110,150,0.2152,-0.3835,0.0853,81.1757
WGAN,111,150,0.2255,-0.3674,0.0908,
WGAN,112,150,0.2409,-0.3534,0.0905,
WGAN,113,150,0.2214,-0.3407,0.0938,
WGAN,114,150,0.2106,-0.3513,0.112,
WGAN,115,150,0.1864,-0.3484,0.1015,
WGAN,116,150,0.1733,-0.3163,0.1037,
WGAN,117,150,0.1602,-0.2541,0.0986,
WGAN,118,150,0.0951,-0.1894,0.1081,
WGAN,119,150,0.1007,-0.1165,0.1075,
WGAN,120,150,0.0392,-0.1004,0.1288,82.6396
WGAN,121,150,0.069,-0.1055,0.1155,
WGAN,122,150,0.1193,-0.0972,0.1178,
WGAN,123,150,0.0636,-0.1187,0.1228,
WGAN,124,150,0.08,-0.1023,0.1156,
WGAN,125,150,0.0388,-0.1026,0.1137,
WGAN,126,150,0.0424,-0.1044,0.1339,
WGAN,127,150,0.0291,-0.111,0.1371,
WGAN,128,150,0.0315,-0.0971,0.108,
WGAN,129,150,0.0479,-0.1141,0.1368,
WGAN,130,150,0.0031,-0.1098,0.1309,102.8811
WGAN,131,150,0.0681,-0.0998,0.1309,
WGAN,132,150,0.0419,-0.1013,0.1313,
WGAN,133,150,0.0519,-0.1223,0.1112,
WGAN,134,150,0.0436,-0.1007,0.1167,
WGAN,135,150,0.0576,-0.1094,0.1424,
WGAN,136,150,0.0579,-0.1759,0.104,
WGAN,137,150,0.0659,-0.1516,0.1106,
WGAN,138,150,0.017,-0.1038,0.1139,
WGAN,139,150,0.0499,-0.0993,0.1327,
WGAN,140,150,0.031,-0.1045,0.1192,92.1788
WGAN,141,150,0.0814,-0.1078,0.1185,
WGAN,142,150,0.016,-0.1079,0.1282,
WGAN,143,150,0.0391,-0.1033,0.1234,
WGAN,144,150,0.0408,-0.1012,0.1177,
WGAN,145,150,0.0788,-0.1003,0.1239,
WGAN,146,150,0.0585,-0.103,0.1087,
WGAN,147,150,0.0356,-0.1229,0.131,
WGAN,148,150,0.0465,-0.1031,0.1268,
WGAN,149,150,0.0464,-0.1089,0.1397,
WGAN,150,150,0.0103,-0.0907,0.1129,102.881
WGANGP,1,150,28.7204,-17.3202,0.0517,
WGANGP,2,150,38.5754,-6.9475,0.083,
WGANGP,3,150,73.4525,-4.7041,0.0632,
WGANGP,4,150,82.619,-12.0614,0.0724,
WGANGP,5,150,92.0905,-0.4184,0.0739,
WGANGP,6,150,118.4799,-8.128,0.0796,
WGANGP,7,150,126.9493,27.6336,0.0968,
WGANGP,8,150,119.8279,51.5308,0.0753,
WGANGP,9,150,141.1574,-6.5054,0.0801,
WGANGP,10,150,138.7588,293.2205,0.0713,138.0148
WGANGP,11,150,155.9765,121.5934,0.0765,
WGANGP,12,150,162.0681,-1.9988,0.0865,
WGANGP,13,150,156.0887,15.3698,0.0816,
WGANGP,14,150,150.6531,28.5383,0.0705,
WGANGP,15,150,193.8848,-8.454,0.0806,
WGANGP,16,150,205.9789,96.4868,0.0606,
WGANGP,17,150,206.9802,169.2772,0.0901,
WGANGP,18,150,223.4756,-9.3514,0.0995,
WGANGP,19,150,237.714,12.1748,0.0854,
WGANGP,20,150,261.1504,-4.8414,0.0995,131.4971
WGANGP,21,150,247.1534,-7.3231,0.0827,
WGANGP,22,150,276.838,167.7654,0.076,
WGANGP,23,150,280.1561,27.4637,0.0908,
WGANGP,24,150,299.7972,0.1814,0.0877,
WGANGP,25,150,300.0834,-17.7729,0.0871,
WGANGP,26,150,308.7678,-10.9098,0.0687,
WGANGP,27,150,328.0656,82.2978,0.0926,
WGANGP,28,150,325.3738,202.5576,0.0789,
WGANGP,29,150,312.8688,87.5,0.0817,
WGANGP,30,150,324.9433,249.1989,0.1179,143.8983
WGANGP,31,150,331.469,39.6496,0.0853,
WGANGP,32,150,326.4123,63.5017,0.0701,
WGANGP,33,150,351.1124,54.9013,0.0641,
WGANGP,34,150,341.9743,21.4516,0.0681,
WGANGP,35,150,312.1056,489.3803,0.1022,
WGANGP,36,150,308.9362,219.877,0.077,
WGANGP,37,150,343.9947,62.8801,0.0648,
WGANGP,38,150,330.4824,16.9106,0.0665,
WGANGP,39,150,339.3948,9.2771,0.0589,
WGANGP,40,150,323.2505,526.143,0.0656,125.8258
WGANGP,41,150,318.3798,460.1769,0.0805,
WGANGP,42,150,306.6891,5.7615,0.0813,
WGANGP,43,150,326.1071,21.8871,0.0718,
WGANGP,44,150,331.2291,81.6209,0.0654,
WGANGP,45,150,362.8039,-21.3148,0.0801,
WGANGP,46,150,350.5658,64.9281,0.0704,
WGANGP,47,150,348.2457,56.4421,0.0651,
WGANGP,48,150,328.6437,41.5084,0.0469,
WGANGP,49,150,334.6497,217.2824,0.1065,
WGANGP,50,150,328.1788,65.9442,0.05,119.3029
WGANGP,51,150,315.8302,82.1048,0.0793,
WGANGP,52,150,305.6735,19.4699,0.0715,
WGANGP,53,150,302.9011,81.1074,0.0626,
WGANGP,54,150,308.1687,-8.7588,0.0939,
WGANGP,55,150,302.857,335.9685,0.0822,
WGANGP,56,150,332.8218,777.9056,0.062,
WGANGP,57,150,313.34,43.1467,0.0728,
WGANGP,58,150,289.6573,-6.3638,0.079,
WGANGP,59,150,302.6603,131.4937,0.0924,
WGANGP,60,150,298.9681,-11.2427,0.069,121.7476
WGANGP,61,150,293.2406,213.7634,0.0547,
WGANGP,62,150,271.8472,293.6014,0.066,
WGANGP,63,150,261.2234,36.3515,0.0753,
WGANGP,64,150,290.6655,154.5204,0.0935,
WGANGP,65,150,298.8908,-10.1681,0.0725,
WGANGP,66,150,298.7567,88.8722,0.0872,
WGANGP,67,150,289.885,410.9066,0.0726,
WGANGP,68,150,273.4949,24.2388,0.0716,
WGANGP,69,150,255.0414,27.0566,0.0913,
WGANGP,70,150,242.8171,-5.5889,0.1006,128.384
WGANGP,71,150,246.7058,-33.6443,0.0855,
WGANGP,72,150,293.3244,234.7555,0.1096,
WGANGP,73,150,337.2346,-39.3034,0.0564,
WGANGP,74,150,360.7099,787.7696,0.0899,
WGANGP,75,150,414.4383,-5.0474,0.1109,
WGANGP,76,150,411.9295,-6.2452,0.0845,
WGANGP,77,150,406.488,24.5156,0.1093,
WGANGP,78,150,390.2621,-5.9676,0.0789,
WGANGP,79,150,410.6433,-5.6057,0.0913,
WGANGP,80,150,416.2195,24.8467,0.0755,116.7833
WGANGP,81,150,429.2443,157.6138,0.067,
WGANGP,82,150,448.6936,83.6784,0.1051,
WGANGP,83,150,446.7682,-4.1346,0.1112,
WGANGP,84,150,448.0979,-7.0578,0.0852,
WGANGP,85,150,454.529,47.1702,0.0549,
WGANGP,86,150,472.2319,-2.5839,0.0861,
WGANGP,87,150,474.1623,18.9131,0.1086,
WGANGP,88,150,474.828,34.1986,0.0914,
WGANGP,89,150,491.406,34.5717,0.0734,
WGANGP,90,150,500.1662,46.5773,0.0884,119.5934
WGANGP,91,150,500.5047,15.8486,0.0992,
WGANGP,92,150,485.3166,193.9628,0.0912,
WGANGP,93,150,475.8846,56.2709,0.0917,
WGANGP,94,150,485.9911,11.0394,0.0929,
WGANGP,95,150,504.1515,3.2253,0.0808,
WGANGP,96,150,510.9,-6.065,0.0712,
WGANGP,97,150,495.4678,-0.0615,0.0833,
WGANGP,98,150,500.9753,-2.9618,0.0632,
WGANGP,99,150,506.4229,92.1496,0.1047,
WGANGP,100,150,498.9238,17.6207,0.1024,113.182
WGANGP,101,150,512.1643,71.3482,0.0737,
WGANGP,102,150,510.3206,383.6746,0.0759,
WGANGP,103,150,514.7542,186.4285,0.0957,
WGANGP,104,150,529.5277,45.2142,0.0759,
WGANGP,105,150,525.0507,41.3786,0.0827,
WGANGP,106,150,524.4039,28.3183,0.0659,
WGANGP,107,150,518.4679,22.1636,0.0774,
WGANGP,108,150,528.9439,8.2146,0.099,
WGANGP,109,150,525.6287,103.4587,0.0617,
WGANGP,110,150,523.487,0.3087,0.1238,100.4529
WGANGP,111,150,516.2652,25.4059,0.0725,
WGANGP,112,150,494.6011,135.6359,0.1195,
WGANGP,113,150,502.2252,3.6173,0.111,
WGANGP,114,150,515.0321,-5.0464,0.0777,
WGANGP,115,150,512.5559,5.8612,0.0731,
WGANGP,116,150,516.8275,2.1509,0.0963,
WGANGP,117,150,515.5779,31.8096,0.0885,
WGANGP,118,150,522.3418,11.4026,0.0783,
WGANGP,119,150,527.8178,-5.1826,0.0925,
WGANGP,120,150,520.6886,-1.8494,0.0642,107.4164
WGANGP,121,150,505.7522,-2.9024,0.1202,
WGANGP,122,150,510.9784,17.5476,0.0679,
WGANGP,123,150,510.3535,-1.1587,0.0803,
WGANGP,124,150,510.7785,2.1958,0.1012,
WGANGP,125,150,498.7423,91.5827,0.1044,
WGANGP,126,150,502.6234,-5.1123,0.0755,
WGANGP,127,150,501.6767,11.6992,0.0938,
WGANGP,128,150,504.3571,33.2228,0.0812,
WGANGP,129,150,501.2215,22.6377,0.0787,
WGANGP,130,150,495.5013,-5.5026,0.1182,98.3369
WGANGP,131,150,500.9725,191.356,0.1019,
WGANGP,132,150,507.7614,-7.6949,0.0774,
WGANGP,133,150,513.2604,28.3622,0.0901,
WGANGP,134,150,519.7827,51.9936,0.0828,
WGANGP,135,150,532.6294,-0.562,0.0785,
WGANGP,136,150,529.4361,90.6156,0.0825,
WGANGP,137,150,514.6094,7.2161,0.0759,
WGANGP,138,150,532.7074,-5.8994,0.0989,
WGANGP,139,150,538.8178,13.9618,0.0843,
WGANGP,140,150,545.2246,34.3239,0.0826,94.9687
WGANGP,141,150,543.275,-1.9024,0.0841,
WGANGP,142,150,559.9077,9.8155,0.1018,
WGANGP,143,150,557.2667,-3.1387,0.1008,
WGANGP,144,150,561.1224,230.6878,0.0822,
WGANGP,145,150,564.8255,61.7162,0.0973,
WGANGP,146,150,579.2039,19.3474,0.0958,
WGANGP,147,150,582.6061,8.1673,0.0816,
WGANGP,148,150,587.1542,-3.6056,0.0915,
WGANGP,149,150,589.4923,-6.0859,0.0889,
WGANGP,150,150,583.4053,60.8907,0.0748,95.5508
HINGE,1,150,6.0432,0.8723,0.1219,
HINGE,2,150,2.7379,0.6975,0.1255,
HINGE,3,150,2.0268,0.9926,0.0993,
HINGE,4,150,1.9728,1.0652,0.0806,
HINGE,5,150,2.0395,1.0099,0.0897,
HINGE,6,150,2.1298,0.9293,0.0674,
HINGE,7,150,2.2696,0.7839,0.0685,
HINGE,8,150,2.3443,0.7738,0.0864,
HINGE,9,150,2.3177,0.7879,0.0809,
HINGE,10,150,2.3342,0.7069,0.0947,116.4631
HINGE,11,150,2.4778,0.596,0.0997,
HINGE,12,150,2.5796,0.5189,0.1078,
HINGE,13,150,2.7427,0.5083,0.0865,
HINGE,14,150,2.7754,0.4822,0.0613,
HINGE,15,150,2.7321,0.4098,0.0853,
HINGE,16,150,2.7103,0.4271,0.0872,
HINGE,17,150,2.8107,0.3639,0.1044,
HINGE,18,150,2.8627,0.3239,0.0977,
HINGE,19,150,2.9878,0.3531,0.1234,
HINGE,20,150,2.9911,0.3519,0.0718,78.9391
HINGE,21,150,3.0001,0.2699,0.0976,
HINGE,22,150,3.1018,0.3152,0.0927,
HINGE,23,150,3.2162,0.2741,0.0699,
HINGE,24,150,3.0762,0.2839,0.0816,
HINGE,25,150,3.2253,0.2321,0.0754,
HINGE,26,150,3.2083,0.2855,0.0987,
HINGE,27,150,3.1673,0.2222,0.079,
HINGE,28,150,3.3068,0.2643,0.0918,
HINGE,29,150,3.3168,0.2399,0.0911,
HINGE,30,150,3.3315,0.2231,0.0808,70.3527
HINGE,31,150,3.3089,0.1708,0.0964,
HINGE,32,150,3.4716,0.242,0.0891,
HINGE,33,150,3.4181,0.209,0.074,
HINGE,34,150,3.3353,0.2027,0.0964,
HINGE,35,150,3.571,0.2252,0.1347,
HINGE,36,150,3.4649,0.1833,0.1079,
HINGE,37,150,3.6154,0.1723,0.109,
HINGE,38,150,3.639,0.1921,0.0483,
HINGE,39,150,3.5379,0.148,0.087,
HINGE,40,150,3.6497,0.1895,0.064,58.0955
HINGE,41,150,3.7519,0.1737,0.079,
HINGE,42,150,3.8267,0.1532,0.0734,
HINGE,43,150,3.7263,0.2234,0.0792,
HINGE,44,150,3.9304,0.1796,0.0987,
HINGE,45,150,3.8458,0.201,0.0774,
HINGE,46,150,3.8221,0.1794,0.0833,
HINGE,47,150,3.9058,0.1892,0.0902,
HINGE,48,150,3.913,0.2225,0.0694,
HINGE,49,150,3.9207,0.1487,0.0578,
HINGE,50,150,4.1022,0.1506,0.044,47.8325
HINGE,51,150,4.0209,0.2539,0.0676,
HINGE,52,150,3.8454,0.1443,0.0595,
HINGE,53,150,4.0071,0.1475,0.0216,
HINGE,54,150,4.1423,0.1592,0.0522,
HINGE,55,150,4.1777,0.188,0.051,
HINGE,56,150,4.0962,0.1401,0.0748,
HINGE,57,150,4.0433,0.1933,0.0595,
HINGE,58,150,4.0962,0.1455,0.0454,
HINGE,59,150,4.087,0.1051,0.0574,
HINGE,60,150,4.097,0.2099,0.0565,56.7366
HINGE,61,150,4.1676,0.1986,0.0585,
HINGE,62,150,4.0464,0.2204,0.0875,
HINGE,63,150,3.977,0.1308,0.0614,
HINGE,64,150,4.077,0.1521,0.0542,
HINGE,65,150,3.971,0.1136,0.0548,
HINGE,66,150,4.199,0.1488,0.0521,
HINGE,67,150,4.1325,0.1347,0.0677,
HINGE,68,150,4.197,0.1944,0.0618,
HINGE,69,150,4.3347,0.1448,0.0506,
HINGE,70,150,4.1719,0.1218,0.0699,48.8172
HINGE,71,150,4.2096,0.1333,0.0481,
HINGE,72,150,4.4437,0.15,0.0388,
HINGE,73,150,4.1879,0.1335,0.0685,
HINGE,74,150,4.4506,0.1373,0.0485,
HINGE,75,150,4.3882,0.1513,0.0518,
HINGE,76,150,4.3685,0.1334,0.0679,
HINGE,77,150,4.3738,0.0993,0.053,
HINGE,78,150,4.435,0.1374,0.0453,
HINGE,79,150,4.4356,0.1091,0.0603,
HINGE,80,150,4.4324,0.1319,0.0558,56.8175
HINGE,81,150,4.4012,0.2303,0.0643,
HINGE,82,150,4.2317,0.1214,0.0446,
HINGE,83,150,4.3138,0.1185,0.0444,
HINGE,84,150,4.3813,0.1451,0.0653,
HINGE,85,150,4.4189,0.1561,0.0471,
HINGE,86,150,4.3367,0.1319,0.0485,
HINGE,87,150,4.3929,0.147,0.0542,
HINGE,88,150,4.4026,0.1351,0.0563,
HINGE,89,150,4.2993,0.1301,0.045,
HINGE,90,150,4.2476,0.1902,0.0482,48.1861
HINGE,91,150,4.2333,0.121,0.0604,
HINGE,92,150,4.2347,0.1199,0.0449,
HINGE,93,150,4.5033,0.1953,0.0369,
HINGE,94,150,4.1676,0.1395,0.0408,
HINGE,95,150,4.2712,0.1406,0.0447,
HINGE,96,150,4.3251,0.1389,0.0573,
HINGE,97,150,4.4277,0.1466,0.0581,
HINGE,98,150,4.2619,0.1116,0.045,
HINGE,99,150,4.3307,0.1376,0.0558,
HINGE,100,150,4.293,0.1442,0.0559,50.8381
HINGE,101,150,4.3615,0.1096,0.0689,
HINGE,102,150,4.3601,0.1483,0.0548,
HINGE,103,150,4.3289,0.1537,0.0475,
HINGE,104,150,4.1503,0.1255,0.0584,
HINGE,105,150,4.3981,0.1523,0.0545,
HINGE,106,150,4.3085,0.1256,0.0584,
HINGE,107,150,4.2751,0.1278,0.0522,
HINGE,108,150,4.3757,0.1351,0.067,
HINGE,109,150,4.243,0.126,0.0547,
HINGE,110,150,4.2688,0.1209,0.0462,56.4389
HINGE,111,150,4.3782,0.1659,0.0648,
HINGE,112,150,4.3038,0.1257,0.0637,
HINGE,113,150,4.3092,0.1164,0.0486,
HINGE,114,150,4.3153,0.1267,0.0465,
HINGE,115,150,4.3708,0.1304,0.0461,
HINGE,116,150,4.3587,0.1307,0.0476,
HINGE,117,150,4.1523,0.1627,0.0556,
HINGE,118,150,4.0672,0.1433,0.0518,
HINGE,119,150,4.2019,0.1275,0.0598,
HINGE,120,150,4.3327,0.137,0.0568,48.8285
HINGE,121,150,4.2621,0.1331,0.0447,
HINGE,122,150,4.307,0.1277,0.0514,
HINGE,123,150,4.4067,0.1157,0.0508,
HINGE,124,150,4.4536,0.1384,0.055,
HINGE,125,150,4.3304,0.1387,0.0539,
HINGE,126,150,4.2726,0.1226,0.0599,
HINGE,127,150,4.39,0.1294,0.0816,
HINGE,128,150,4.3902,0.1198,0.0609,
HINGE,129,150,4.3688,0.1474,0.0597,
HINGE,130,150,4.3462,0.1709,0.0607,43.5463
HINGE,131,150,4.2105,0.1047,0.0535,
HINGE,132,150,4.3869,0.1199,0.064,
HINGE,133,150,4.3423,0.1442,0.0692,
HINGE,134,150,4.511,0.1299,0.075,
HINGE,135,150,4.3931,0.1224,0.0494,
HINGE,136,150,4.4806,0.1069,0.0632,
HINGE,137,150,4.3551,0.1059,0.0532,
HINGE,138,150,4.5409,0.1451,0.0587,
HINGE,139,150,4.4466,0.1011,0.0595,
HINGE,140,150,4.6408,0.1148,0.06,48.19
HINGE,141,150,4.4484,0.1316,0.0582,
HINGE,142,150,4.4383,0.11,0.066,
HINGE,143,150,4.4579,0.1187,0.0611,
HINGE,144,150,4.5215,0.125,0.0545,
HINGE,145,150,4.4991,0.1086,0.0629,
HINGE,146,150,4.48,0.1839,0.0657,
HINGE,147,150,4.3638,0.0864,0.0694,
HINGE,148,150,4.4184,0.128,0.0605,
HINGE,149,150,4.5314,0.0713,0.0529,
HINGE,150,150,4.4938,0.1319,0.0699,48.8761
